DROP TABLE IF EXISTS "Economy";
CREATE TABLE "Economy" ("id" INTEGER PRIMARY KEY  NOT NULL  UNIQUE , "name" VARCHAR NOT NULL  UNIQUE );
INSERT INTO "Economy" VALUES(1,'Industrial');
INSERT INTO "Economy" VALUES(2,'Refinery');
INSERT INTO "Economy" VALUES(3,'Extraction');
INSERT INTO "Economy" VALUES(4,'Agriculture extraction');
DROP TABLE IF EXISTS "GoodGroups";
CREATE TABLE "GoodGroups" ("id" INTEGER PRIMARY KEY  AUTOINCREMENT  NOT NULL  UNIQUE , "position" INTEGER NOT NULL  UNIQUE , "name" TEXT UNIQUE );
INSERT INTO "GoodGroups" VALUES(0,20,'Consumer items');
INSERT INTO "GoodGroups" VALUES(1,30,'Foods');
INSERT INTO "GoodGroups" VALUES(2,10,'Chemicals');
INSERT INTO "GoodGroups" VALUES(4,40,'Industrial materials');
INSERT INTO "GoodGroups" VALUES(5,50,'Legal drugs');
INSERT INTO "GoodGroups" VALUES(6,60,'Machinery');
INSERT INTO "GoodGroups" VALUES(7,70,'Medicines');
INSERT INTO "GoodGroups" VALUES(8,80,'Metals');
INSERT INTO "GoodGroups" VALUES(9,90,'Minerals');
INSERT INTO "GoodGroups" VALUES(10,100,'Technology');
INSERT INTO "GoodGroups" VALUES(11,110,'Waste');
INSERT INTO "GoodGroups" VALUES(12,120,'Weapons');
INSERT INTO "GoodGroups" VALUES(13,105,'Textiles');
INSERT INTO "GoodGroups" VALUES(15,103,'Slavery');
DROP TABLE IF EXISTS "GoodNames";
CREATE TABLE "GoodNames" ("id" INTEGER PRIMARY KEY  NOT NULL  UNIQUE , "name" TEXT NOT NULL  UNIQUE , "legal" BOOL NOT NULL , "group_id" INTEGER);
INSERT INTO "GoodNames" VALUES(1,'CHEMICAL DRUGS',1,NULL);
INSERT INTO "GoodNames" VALUES(2,'EXPLOSIVES',1,2);
INSERT INTO "GoodNames" VALUES(3,'HYDROGEN FUEL',1,2);
INSERT INTO "GoodNames" VALUES(4,'MINERAL OIL',1,NULL);
INSERT INTO "GoodNames" VALUES(5,'PESTICIDES',1,NULL);
INSERT INTO "GoodNames" VALUES(6,'CLOTHING',1,NULL);
INSERT INTO "GoodNames" VALUES(7,'CONSUMER TECHNOLOGY',1,NULL);
INSERT INTO "GoodNames" VALUES(8,'DOM. APPLIANCES',1,NULL);
INSERT INTO "GoodNames" VALUES(9,'BEER',1,NULL);
INSERT INTO "GoodNames" VALUES(10,'LIQUOR',1,NULL);
INSERT INTO "GoodNames" VALUES(11,'NARCOTICS',1,NULL);
INSERT INTO "GoodNames" VALUES(12,'TOBACCO',1,NULL);
INSERT INTO "GoodNames" VALUES(13,'WINE',1,NULL);
INSERT INTO "GoodNames" VALUES(14,'ALGAE',1,NULL);
INSERT INTO "GoodNames" VALUES(15,'ANIMAL MEAT',1,1);
INSERT INTO "GoodNames" VALUES(16,'COFFEE',1,1);
INSERT INTO "GoodNames" VALUES(17,'FISH',1,1);
INSERT INTO "GoodNames" VALUES(18,'FOOD CARTRIDGES',1,1);
INSERT INTO "GoodNames" VALUES(19,'FRUIT AND VEGETABLES',1,1);
INSERT INTO "GoodNames" VALUES(20,'GRAIN',1,1);
INSERT INTO "GoodNames" VALUES(21,'SYNTHETIC MEAT',1,1);
INSERT INTO "GoodNames" VALUES(22,'TEA',1,1);
INSERT INTO "GoodNames" VALUES(23,'ALLOYS',1,NULL);
INSERT INTO "GoodNames" VALUES(24,'PLASTICS',1,NULL);
INSERT INTO "GoodNames" VALUES(25,'POLYMERS',1,NULL);
INSERT INTO "GoodNames" VALUES(26,'SUPERCONDUCTORS',1,NULL);
INSERT INTO "GoodNames" VALUES(27,'SEMICONDUCTORS',1,NULL);
INSERT INTO "GoodNames" VALUES(28,'ATMOSPHERIC PROCESSORS',1,NULL);
INSERT INTO "GoodNames" VALUES(29,'CROP HARVESTERS',1,NULL);
INSERT INTO "GoodNames" VALUES(30,'MARINE EQUIPMENT',1,NULL);
INSERT INTO "GoodNames" VALUES(31,'HELIOSTATIC FURNACES',1,NULL);
INSERT INTO "GoodNames" VALUES(32,'MINERAL EXTRACTORS',1,NULL);
INSERT INTO "GoodNames" VALUES(33,'MICROBIAL FURNACES',1,NULL);
INSERT INTO "GoodNames" VALUES(34,'POWER GENERATORS',1,NULL);
INSERT INTO "GoodNames" VALUES(35,'WATER PURIFIERS',1,NULL);
INSERT INTO "GoodNames" VALUES(36,'AGRI-MEDICINES',1,NULL);
INSERT INTO "GoodNames" VALUES(37,'BASIC MEDICINES',1,NULL);
INSERT INTO "GoodNames" VALUES(38,'COMBAT STABILISERS',1,NULL);
INSERT INTO "GoodNames" VALUES(39,'PERFORMANCE ENHANCERS',1,NULL);
INSERT INTO "GoodNames" VALUES(40,'PROGENITOR CELLS',1,NULL);
INSERT INTO "GoodNames" VALUES(41,'ALUMINIUM',1,NULL);
INSERT INTO "GoodNames" VALUES(42,'BERYLLIUM',1,NULL);
INSERT INTO "GoodNames" VALUES(43,'COBALT',1,8);
INSERT INTO "GoodNames" VALUES(44,'COPPER',1,NULL);
INSERT INTO "GoodNames" VALUES(45,'GALLIUM',1,NULL);
INSERT INTO "GoodNames" VALUES(46,'GOLD',1,8);
INSERT INTO "GoodNames" VALUES(47,'INDIUM',1,NULL);
INSERT INTO "GoodNames" VALUES(48,'LITHIUM',1,NULL);
INSERT INTO "GoodNames" VALUES(49,'PALLADIUM',1,NULL);
INSERT INTO "GoodNames" VALUES(50,'PLATINUM',1,NULL);
INSERT INTO "GoodNames" VALUES(51,'SILVER',1,NULL);
INSERT INTO "GoodNames" VALUES(52,'TANTALUM',1,NULL);
INSERT INTO "GoodNames" VALUES(53,'TITANIUM',1,NULL);
INSERT INTO "GoodNames" VALUES(54,'LEPIDOLITE',1,9);
INSERT INTO "GoodNames" VALUES(55,'URANIUM',1,NULL);
INSERT INTO "GoodNames" VALUES(56,'BAUXITE',1,9);
INSERT INTO "GoodNames" VALUES(57,'BERTRANDITE',1,9);
INSERT INTO "GoodNames" VALUES(58,'COLTAN',1,NULL);
INSERT INTO "GoodNames" VALUES(59,'GALLITE',1,NULL);
INSERT INTO "GoodNames" VALUES(60,'INDITE',1,NULL);
INSERT INTO "GoodNames" VALUES(61,'RUTILE',1,NULL);
INSERT INTO "GoodNames" VALUES(62,'URANINITE',1,NULL);
INSERT INTO "GoodNames" VALUES(63,'ADVANCED CATALYSERS',1,NULL);
INSERT INTO "GoodNames" VALUES(64,'ANIMAL MONITORS',1,NULL);
INSERT INTO "GoodNames" VALUES(65,'AQUAPONIC SYSTEMS',1,NULL);
INSERT INTO "GoodNames" VALUES(66,'ARTIFICIAL HABITAT MODULES',1,NULL);
INSERT INTO "GoodNames" VALUES(67,'AUTO-FABRICATORS',1,NULL);
INSERT INTO "GoodNames" VALUES(68,'BIOREDUCING LICHEN',1,NULL);
INSERT INTO "GoodNames" VALUES(69,'COMPUTER COMPONENTS',1,NULL);
INSERT INTO "GoodNames" VALUES(70,'H.E. SUITS',1,NULL);
INSERT INTO "GoodNames" VALUES(71,'LAND ENRICHMENT SYSTEMS',1,NULL);
INSERT INTO "GoodNames" VALUES(72,'RESONATING SEPARATORS',1,NULL);
INSERT INTO "GoodNames" VALUES(73,'ROBOTICS',1,NULL);
INSERT INTO "GoodNames" VALUES(74,'COTTON',1,NULL);
INSERT INTO "GoodNames" VALUES(75,'LEATHER',1,NULL);
INSERT INTO "GoodNames" VALUES(76,'NATURAL FABRICS',1,NULL);
INSERT INTO "GoodNames" VALUES(77,'SYNTHETIC FABRICS',1,NULL);
INSERT INTO "GoodNames" VALUES(78,'BIOWASTE',1,11);
INSERT INTO "GoodNames" VALUES(79,'CHEMICAL WASTE',1,NULL);
INSERT INTO "GoodNames" VALUES(80,'SCRAP',1,11);
INSERT INTO "GoodNames" VALUES(81,'NON-LETHAL WPNS',1,NULL);
INSERT INTO "GoodNames" VALUES(82,'PERSONAL WEAPONS',1,NULL);
INSERT INTO "GoodNames" VALUES(83,'REACTIVE ARMOUR',1,NULL);
INSERT INTO "GoodNames" VALUES(84,'Imperial slaves',0,15);
INSERT INTO "GoodNames" VALUES(85,'Battle weapons',0,12);
DROP TABLE IF EXISTS "Government";
CREATE TABLE "Government" ("id" INTEGER PRIMARY KEY  NOT NULL  UNIQUE , "name" VARCHAR NOT NULL  UNIQUE );
INSERT INTO "Government" VALUES(1,'Democracy');
INSERT INTO "Government" VALUES(2,'Communism');
INSERT INTO "Government" VALUES(3,'Anarchy');
INSERT INTO "Government" VALUES(4,'Corporate');
DROP TABLE IF EXISTS "Stations";
CREATE TABLE "Stations" ("id" INTEGER PRIMARY KEY  AUTOINCREMENT  NOT NULL  UNIQUE , "name" TEXT NOT NULL , "system_id" INTEGER NOT NULL, "government_id" INTEGER);
INSERT INTO "Stations" VALUES(1,'Worlidge terminal',4,NULL);
INSERT INTO "Stations" VALUES(2,'Fairbrain station',4,NULL);
INSERT INTO "Stations" VALUES(3,'Mcnair gateway',6,4);
INSERT INTO "Stations" VALUES(4,'Yaping enterprise','',1);
INSERT INTO "Stations" VALUES(5,'Boodt','',1);
INSERT INTO "Stations" VALUES(6,'Barsanti enterprise','',1);
INSERT INTO "Stations" VALUES(7,'Bear city',11,4);
INSERT INTO "Stations" VALUES(8,'Marshall ring','',1);
INSERT INTO "Stations" VALUES(9,'Kondratyev dock',7,0);
INSERT INTO "Stations" VALUES(10,'wundt hub','',0);
INSERT INTO "Stations" VALUES(11,'Armstrong station','',0);
INSERT INTO "Stations" VALUES(12,'Gantt Terminal',8,0);
INSERT INTO "Stations" VALUES(13,'Narita Station',9,0);
INSERT INTO "Stations" VALUES(15,'Kuttner Vision',10,0);
INSERT INTO "Stations" VALUES(16,'Fraas Ring',12,0);
INSERT INTO "Stations" VALUES(17,'Moore Vision (invis)',13,0);
INSERT INTO "Stations" VALUES(18,'Hackworth orbital (9k ls)',14,0);
INSERT INTO "Stations" VALUES(19,'Malcolm Installation (exp: gold, silv, cobalt; imp: colt, leptod, rutole)',16,0);
INSERT INTO "Stations" VALUES(20,'Yurchikhin outpost (imp: gallite, coltan, uranite; exp: gold, silv, cobalt)',17,0);
INSERT INTO "Stations" VALUES(21,'Levunson gateway (imp: plat, pall, gold; exp: food c, bas.med, dom.app)',18,0);
INSERT INTO "Stations" VALUES(22,'Crown Mine',17,0);
DROP TABLE IF EXISTS "Systems";
CREATE TABLE "Systems" ("id" INTEGER PRIMARY KEY  NOT NULL ,"name" VARCHAR NOT NULL ,"economy_id" INTEGER NOT NULL  DEFAULT (null) ,"government_id" INTEGER NOT NULL  DEFAULT (null) , "Population" INTEGER);
INSERT INTO "Systems" VALUES(1,'Lave',1,1,NULL);
INSERT INTO "Systems" VALUES(2,'Diso',2,3,NULL);
INSERT INTO "Systems" VALUES(3,'Leesti',2,2,NULL);
INSERT INTO "Systems" VALUES(4,'LHS 3447',4,1,1100000000);
INSERT INTO "Systems" VALUES(5,'LTT 18486',0,0,NULL);
INSERT INTO "Systems" VALUES(6,'SUN TAKUSH',0,0,NULL);
INSERT INTO "Systems" VALUES(7,'Cupis',0,0,'');
INSERT INTO "Systems" VALUES(8,'Karogonibo',0,0,0);
INSERT INTO "Systems" VALUES(9,'Sharakha',0,0,0);
INSERT INTO "Systems" VALUES(10,'Mechtan',0,0,0);
INSERT INTO "Systems" VALUES(11,'Freng',0,0,0);
INSERT INTO "Systems" VALUES(12,'San Muss (met. belt - BA1)',0,0,0);
INSERT INTO "Systems" VALUES(13,'Wikmunda (met. belt only)',0,0,0);
INSERT INTO "Systems" VALUES(14,'STF 2841 (met. belt  CB8 - very rich)',0,0,0);
INSERT INTO "Systems" VALUES(15,'LHS 3640 (2-nd star is too far)',0,0,0);
INSERT INTO "Systems" VALUES(16,'Aramu',0,0,0);
INSERT INTO "Systems" VALUES(17,'Bekenam',0,0,0);
INSERT INTO "Systems" VALUES(18,'Kurichchan',0,0,0);
DROP TABLE IF EXISTS "prices";
CREATE TABLE "prices" ("id" INTEGER PRIMARY KEY  NOT NULL ,"good_id" INTEGER NOT NULL ,"station_id" INTEGER NOT NULL  DEFAULT (null) ,"time" DATETIME NOT NULL ,"sale_price" FLOAT,"buy_price" FLOAT);
INSERT INTO "prices" VALUES(7,2,1,'2014-12-18 20:06',365,NULL);
INSERT INTO "prices" VALUES(8,3,1,'2014-12-18 20:17',89,94);
INSERT INTO "prices" VALUES(9,17,1,'2014-12-18 20:30',420,NULL);
INSERT INTO "prices" VALUES(10,15,1,'2014-12-18',1319,NULL);
INSERT INTO "prices" VALUES(11,18,1,'2014-12-18',153,NULL);
INSERT INTO "prices" VALUES(12,2,2,'2014-12-18',357,NULL);
INSERT INTO "prices" VALUES(13,3,2,'2014-12-18',89,94);
INSERT INTO "prices" VALUES(14,18,3,'2014-12-18',37,48);
INSERT INTO "prices" VALUES(15,15,4,'2014-12-18',1421,NULL);
INSERT INTO "prices" VALUES(16,3,4,'2014-12-18',102,107);
INSERT INTO "prices" VALUES(17,43,4,'2014-12-18',631,664);
INSERT INTO "prices" VALUES(18,56,4,'2014-12-18',75,91);
INSERT INTO "prices" VALUES(19,54,4,'2014-12-18',476,502);
INSERT INTO "prices" VALUES(20,78,4,'2014-12-18',15,20);
INSERT INTO "prices" VALUES(21,3,3,'2014-12-18',90,94);
INSERT INTO "prices" VALUES(22,18,3,'2014-12-18',37,48);
INSERT INTO "prices" VALUES(23,28,3,'2014-12-18',257,269);
INSERT INTO "prices" VALUES(24,69,3,'2014-12-18',357,374);
INSERT INTO "prices" VALUES(25,78,3,'2014-12-18',11,14);
INSERT INTO "prices" VALUES(26,80,3,'2014-12-18',27,31);
INSERT INTO "prices" VALUES(27,3,5,'2014-12-18',102,108);
INSERT INTO "prices" VALUES(28,2,4,'2014-12-18',421,NULL);
INSERT INTO "prices" VALUES(29,2,7,'2014-12-18',205,220);
INSERT INTO "prices" VALUES(30,6,4,'2014-12-18',405,NULL);
INSERT INTO "prices" VALUES(31,7,5,'2014-12-18',7360,NULL);
INSERT INTO "prices" VALUES(32,46,7,'2014-12-18',8888,8903);
INSERT INTO "prices" VALUES(33,2,16,'2014-12-29 21:45:33',204,220);
INSERT INTO "prices" VALUES(34,3,16,'2014-12-29 21:45:46',89,94);
INSERT INTO "prices" VALUES(35,4,16,'2014-12-29 21:46:2',326,'');
INSERT INTO "prices" VALUES(36,6,16,'2014-12-29 21:46:18',316,'');
INSERT INTO "prices" VALUES(37,7,16,'2014-12-29 21:46:30',7517,NULL);
INSERT INTO "prices" VALUES(38,8,16,'2014-12-29 21:46:39',529,NULL);
INSERT INTO "prices" VALUES(39,14,16,'2014-12-29 21:46:55',266,NULL);
INSERT INTO "prices" VALUES(40,15,16,'2014-12-29 21:47:5',1637,NULL);
INSERT INTO "prices" VALUES(41,16,16,'2014-12-29 21:47:16',1637,NULL);
INSERT INTO "prices" VALUES(42,17,16,'2014-12-29 21:47:24',585,NULL);
INSERT INTO "prices" VALUES(43,18,16,'2014-12-29 21:47:33',476,NULL);
INSERT INTO "prices" VALUES(44,18,16,'2014-12-29 21:47:45',34,45);
INSERT INTO "prices" VALUES(45,19,16,'2014-12-29 21:47:52',476,NULL);
INSERT INTO "prices" VALUES(46,59,16,'2014-12-29 21:47:59',343,NULL);
INSERT INTO "prices" VALUES(47,21,16,'2014-12-29 21:48:9',397,NULL);
INSERT INTO "prices" VALUES(48,22,16,'2014-12-29 21:48:26',397,NULL);
INSERT INTO "prices" VALUES(49,20,16,'2014-12-29 21:52:24',343,NULL);
INSERT INTO "prices" VALUES(50,22,16,'2014-12-29 21:53:1',1838,NULL);
INSERT INTO "prices" VALUES(51,25,16,'2014-12-29 21:53:24',255,269);
INSERT INTO "prices" VALUES(52,29,16,'2014-12-29 21:53:38',1825,1858);
INSERT INTO "prices" VALUES(53,30,16,'2014-12-29 21:53:50',3677,3741);
INSERT INTO "prices" VALUES(54,33,16,'2014-12-29 21:53:59',334,NULL);
INSERT INTO "prices" VALUES(55,27,16,'2014-12-29 22:2:30',1118,NULL);
INSERT INTO "prices" VALUES(56,26,16,'2014-12-29 22:2:38',6644,6756);
INSERT INTO "prices" VALUES(57,9,16,'2014-12-29 22:3:6',305,NULL);
INSERT INTO "prices" VALUES(58,10,16,'2014-12-29 22:3:13',680,NULL);
INSERT INTO "prices" VALUES(59,13,16,'2014-12-29 22:3:21',397,NULL);
INSERT INTO "prices" VALUES(60,28,16,'2014-12-29 22:3:30',255,269);
INSERT INTO "prices" VALUES(61,29,16,'2014-12-29 22:3:40',1825,1858);
INSERT INTO "prices" VALUES(62,32,16,'2014-12-29 22:4:9',408,428);
INSERT INTO "prices" VALUES(63,34,16,'2014-12-29 22:4:22',354,372);
INSERT INTO "prices" VALUES(64,35,16,'2014-12-29 22:4:30',185,199);
INSERT INTO "prices" VALUES(65,37,16,'2014-12-29 22:4:38',180,194);
INSERT INTO "prices" VALUES(66,39,16,'2014-12-29 22:4:46',7517,NULL);
INSERT INTO "prices" VALUES(67,40,16,'2014-12-29 22:4:54',7517,NULL);
INSERT INTO "prices" VALUES(68,41,16,'2014-12-29 22:5:4',484,NULL);
INSERT INTO "prices" VALUES(69,42,16,'2014-12-29 22:5:17',8974,NULL);
INSERT INTO "prices" VALUES(70,43,16,'2014-12-29 22:5:31',862,NULL);
INSERT INTO "prices" VALUES(71,44,16,'2014-12-29 22:5:37',506,NULL);
INSERT INTO "prices" VALUES(72,45,16,'2014-12-29 22:5:46',5509,NULL);
INSERT INTO "prices" VALUES(73,46,16,'2014-12-29 22:5:54',10006,NULL);
INSERT INTO "prices" VALUES(74,47,16,'2014-12-29 22:6:2',6215,NULL);
INSERT INTO "prices" VALUES(75,48,16,'2014-12-29 22:6:9',1894,NULL);
INSERT INTO "prices" VALUES(76,49,16,'2014-12-29 22:6:16',14267,NULL);
INSERT INTO "prices" VALUES(77,50,16,'2014-12-29 22:6:23',19736,NULL);
INSERT INTO "prices" VALUES(78,51,16,'2014-12-29 22:6:42',5456,NULL);
INSERT INTO "prices" VALUES(79,52,16,'2014-12-29 22:6:50',4450,NULL);
INSERT INTO "prices" VALUES(80,53,16,'2014-12-29 22:7:0',1165,NULL);
INSERT INTO "prices" VALUES(81,55,16,'2014-12-29 22:7:7',3108,NULL);
INSERT INTO "prices" VALUES(82,56,16,'2014-12-29 22:7:14',255,NULL);
INSERT INTO "prices" VALUES(83,57,16,'2014-12-29 22:7:24',2907,NULL);
INSERT INTO "prices" VALUES(84,58,16,'2014-12-29 22:7:33',1731,NULL);
INSERT INTO "prices" VALUES(85,59,16,'2014-12-29 22:7:41',2302,NULL);
INSERT INTO "prices" VALUES(86,60,16,'2014-12-29 22:7:48',2619,NULL);
INSERT INTO "prices" VALUES(87,54,16,'2014-12-29 22:7:57',804,NULL);
INSERT INTO "prices" VALUES(88,61,16,'2014-12-29 22:8:3',494,NULL);
INSERT INTO "prices" VALUES(89,62,16,'2014-12-29 22:8:11',1171,NULL);
INSERT INTO "prices" VALUES(90,63,16,'2014-12-29 22:8:19',3339,NULL);
INSERT INTO "prices" VALUES(91,67,16,'2014-12-29 22:8:26',4271,NULL);
INSERT INTO "prices" VALUES(92,69,16,'2014-12-29 22:8:34',354,372);
INSERT INTO "prices" VALUES(93,70,16,'2014-12-29 22:8:45',425,NULL);
INSERT INTO "prices" VALUES(94,72,16,'2014-12-29 22:8:53',6622,NULL);
INSERT INTO "prices" VALUES(95,73,16,'2014-12-29 22:9:7',2190,NULL);
INSERT INTO "prices" VALUES(96,75,16,'2014-12-29 22:9:14',305,NULL);
INSERT INTO "prices" VALUES(97,76,16,'2014-12-29 22:9:20',585,NULL);
INSERT INTO "prices" VALUES(98,77,16,'2014-12-29 22:9:25',299,NULL);
INSERT INTO "prices" VALUES(99,78,16,'2014-12-29 22:9:31',11,14);
INSERT INTO "prices" VALUES(100,79,16,'2014-12-29 22:9:39',108,NULL);
INSERT INTO "prices" VALUES(101,80,16,'2014-12-29 22:9:45',28,33);
INSERT INTO "prices" VALUES(102,81,16,'2014-12-29 22:9:55',2190,NULL);
INSERT INTO "prices" VALUES(103,83,16,'2014-12-29 22:10:1',2467,NULL);
INSERT INTO "prices" VALUES(104,2,18,'2014-12-31 22:0:22',207,224);
INSERT INTO "prices" VALUES(105,3,18,'2014-12-31 22:0:35',90,94);
INSERT INTO "prices" VALUES(106,4,18,'2014-12-31 22:0:45',327,NULL);
INSERT INTO "prices" VALUES(107,5,18,'2014-12-31 22:0:53',106,118);
INSERT INTO "prices" VALUES(108,6,18,'2014-12-31 22:0:59',476,NULL);
INSERT INTO "prices" VALUES(109,7,18,'2014-12-31 22:1:7',7142,NULL);
INSERT INTO "prices" VALUES(110,8,18,'2014-12-31 22:1:13',613,NULL);
INSERT INTO "prices" VALUES(111,15,18,'2014-12-31 22:1:20',1640,NULL);
INSERT INTO "prices" VALUES(112,16,18,'2014-12-31 22:1:26',1640,NULL);
INSERT INTO "prices" VALUES(113,17,18,'2014-12-31 22:1:31',586,NULL);
INSERT INTO "prices" VALUES(114,18,18,'2014-12-31 22:1:36',142,NULL);
INSERT INTO "prices" VALUES(115,19,18,'2014-12-31 22:1:41',476,NULL);
INSERT INTO "prices" VALUES(116,20,18,'2014-12-31 22:1:45',344,NULL);
INSERT INTO "prices" VALUES(117,21,18,'2014-12-31 22:1:52',178,193);
INSERT INTO "prices" VALUES(118,22,18,'2014-12-31 22:1:59',1841,NULL);
INSERT INTO "prices" VALUES(119,25,18,'2014-12-31 22:2:40',63,76);
INSERT INTO "prices" VALUES(120,27,18,'2014-12-31 22:2:51',762,790);
INSERT INTO "prices" VALUES(121,26,18,'2014-12-31 22:2:56',7111,NULL);
INSERT INTO "prices" VALUES(122,9,18,'2014-12-31 22:3:3',306,NULL);
INSERT INTO "prices" VALUES(123,10,18,'2014-12-31 22:3:8',856,NULL);
INSERT INTO "prices" VALUES(124,13,18,'2014-12-31 22:3:11',398,NULL);
INSERT INTO "prices" VALUES(125,33,18,'2014-12-31 22:3:17',325,NULL);
INSERT INTO "prices" VALUES(126,34,18,'2014-12-31 22:3:21',715,NULL);
INSERT INTO "prices" VALUES(127,35,18,'2014-12-31 22:3:25',302,NULL);
INSERT INTO "prices" VALUES(128,36,18,'2014-12-31 22:3:32',777,805);
INSERT INTO "prices" VALUES(129,37,18,'2014-12-31 22:3:37',181,195);
INSERT INTO "prices" VALUES(130,39,18,'2014-12-31 22:3:44',6966,NULL);
INSERT INTO "prices" VALUES(131,40,18,'2014-12-31 22:3:59',6592,6730);
INSERT INTO "prices" VALUES(132,41,18,'2014-12-31 22:4:11',234,253);
INSERT INTO "prices" VALUES(133,42,18,'2014-12-31 22:4:18',9029,NULL);
INSERT INTO "prices" VALUES(134,43,18,'2014-12-31 22:4:22',902,NULL);
INSERT INTO "prices" VALUES(135,44,18,'2014-12-31 22:4:28',344,363);
INSERT INTO "prices" VALUES(136,45,18,'2014-12-31 22:4:37',5716,NULL);
INSERT INTO "prices" VALUES(137,46,18,'2014-12-31 22:4:44',10245,NULL);
INSERT INTO "prices" VALUES(138,47,18,'2014-12-31 22:4:51',6393,NULL);
INSERT INTO "prices" VALUES(139,48,18,'2014-12-31 22:4:55',1861,NULL);
INSERT INTO "prices" VALUES(140,49,18,'2014-12-31 22:5:3',14295,NULL);
INSERT INTO "prices" VALUES(141,50,18,'2014-12-31 22:5:8',19774,NULL);
INSERT INTO "prices" VALUES(142,51,18,'2014-12-31 22:5:12',5455,NULL);
INSERT INTO "prices" VALUES(143,52,18,'2014-12-31 22:5:17',4394,NULL);
INSERT INTO "prices" VALUES(144,53,18,'2014-12-31 22:5:25',878,909);
INSERT INTO "prices" VALUES(145,55,18,'2014-12-31 22:5:30',3103,NULL);
INSERT INTO "prices" VALUES(146,56,18,'2014-12-31 22:5:35',165,NULL);
INSERT INTO "prices" VALUES(147,57,18,'2014-12-31 22:5:50',165,NULL);
INSERT INTO "prices" VALUES(148,57,18,'2014-12-31 22:5:57',2939,NULL);
INSERT INTO "prices" VALUES(149,58,18,'2014-12-31 22:6:3',1721,NULL);
INSERT INTO "prices" VALUES(150,59,18,'2014-12-31 22:6:8',2324,NULL);
INSERT INTO "prices" VALUES(151,60,18,'2014-12-31 22:6:12',2409,NULL);
INSERT INTO "prices" VALUES(152,54,18,'2014-12-31 22:6:17',813,NULL);
INSERT INTO "prices" VALUES(153,61,18,'2014-12-31 22:6:22',428,NULL);
INSERT INTO "prices" VALUES(154,62,18,'2014-12-31 22:6:28',893,NULL);
INSERT INTO "prices" VALUES(155,63,18,'2014-12-31 22:6:33',3010,NULL);
INSERT INTO "prices" VALUES(156,64,18,'2014-12-31 22:6:42',169,183);
INSERT INTO "prices" VALUES(157,65,18,'2014-12-31 22:6:48',149,162);
INSERT INTO "prices" VALUES(158,67,18,'2014-12-31 22:6:55',3229,3298);
INSERT INTO "prices" VALUES(159,68,18,'2014-12-31 22:7:3',817,847);
INSERT INTO "prices" VALUES(160,69,18,'2014-12-31 22:7:11',731,NULL);
INSERT INTO "prices" VALUES(161,70,18,'2014-12-31 22:7:18',203,220);
INSERT INTO "prices" VALUES(162,71,18,'2014-12-31 22:7:25',4253,4343);
INSERT INTO "prices" VALUES(163,72,18,'2014-12-31 22:7:30',6508,NULL);
INSERT INTO "prices" VALUES(164,73,18,'2014-12-31 22:7:43',1605,1661);
INSERT INTO "prices" VALUES(165,77,18,'2014-12-31 22:7:49',101,114);
INSERT INTO "prices" VALUES(166,78,18,'2014-12-31 22:7:55',11,14);
INSERT INTO "prices" VALUES(167,79,18,'2014-12-31 22:7:59',108,NULL);
INSERT INTO "prices" VALUES(168,80,18,'2014-12-31 22:8:4',36,42);
INSERT INTO "prices" VALUES(169,81,18,'2014-12-31 22:8:12',1602,1658);
INSERT INTO "prices" VALUES(170,83,18,'2014-12-31 22:8:21',1694,1732);
INSERT INTO "prices" VALUES(171,2,-1,'2015-1-1 20:49:49',303,NULL);
INSERT INTO "prices" VALUES(172,3,-1,'2015-1-1 20:49:54',90,94);
INSERT INTO "prices" VALUES(173,4,-1,'2015-1-1 20:50:0',328,NULL);
INSERT INTO "prices" VALUES(174,6,-1,'2015-1-1 20:50:5',349,NULL);
INSERT INTO "prices" VALUES(175,7,-1,'2015-1-1 20:50:11',7328,NULL);
INSERT INTO "prices" VALUES(176,2,19,'2015-1-1 20:51:45',303,NULL);
INSERT INTO "prices" VALUES(177,3,19,'2015-1-1 20:51:53',90,94);
INSERT INTO "prices" VALUES(178,4,19,'2015-1-1 20:52:0',328,NULL);
INSERT INTO "prices" VALUES(179,6,19,'2015-1-1 20:52:5',349,NULL);
INSERT INTO "prices" VALUES(180,7,19,'2015-1-1 20:52:10',7328,NULL);
INSERT INTO "prices" VALUES(181,8,19,'2015-1-1 20:52:14',532,NULL);
INSERT INTO "prices" VALUES(182,15,19,'2015-1-1 20:52:19',1647,NULL);
INSERT INTO "prices" VALUES(183,16,19,'2015-1-1 20:52:24',1560,NULL);
INSERT INTO "prices" VALUES(184,17,19,'2015-1-1 20:52:27',588,NULL);
INSERT INTO "prices" VALUES(185,19,19,'2015-1-1 20:52:32',175,NULL);
INSERT INTO "prices" VALUES(186,20,19,'2015-1-1 20:52:36',345,NULL);
INSERT INTO "prices" VALUES(187,21,19,'2015-1-1 20:52:40',400,NULL);
INSERT INTO "prices" VALUES(188,22,19,'2015-1-1 20:52:44',1849,NULL);
INSERT INTO "prices" VALUES(189,25,19,'2015-1-1 20:52:57',63,76);
INSERT INTO "prices" VALUES(190,27,19,'2015-1-1 20:53:5',765,785);
INSERT INTO "prices" VALUES(191,26,19,'2015-1-1 20:53:22',6467,6538);
INSERT INTO "prices" VALUES(192,9,19,'2015-1-1 20:53:25',307,NULL);
INSERT INTO "prices" VALUES(193,10,19,'2015-1-1 20:53:29',760,NULL);
INSERT INTO "prices" VALUES(194,12,19,'2015-1-1 20:53:34',5324,NULL);
INSERT INTO "prices" VALUES(195,13,19,'2015-1-1 20:53:37',400,NULL);
INSERT INTO "prices" VALUES(196,33,19,'2015-1-1 20:53:43',336,NULL);
INSERT INTO "prices" VALUES(197,32,19,'2015-1-1 20:53:47',594,NULL);
INSERT INTO "prices" VALUES(198,34,19,'2015-1-1 20:53:52',544,NULL);
INSERT INTO "prices" VALUES(199,35,19,'2015-1-1 20:53:55',303,NULL);
INSERT INTO "prices" VALUES(200,37,19,'2015-1-1 20:54:11',357,NULL);
INSERT INTO "prices" VALUES(201,39,19,'2015-1-1 20:54:17',7563,NULL);
INSERT INTO "prices" VALUES(202,40,19,'2015-1-1 20:54:22',7328,NULL);
INSERT INTO "prices" VALUES(203,41,19,'2015-1-1 20:54:29',235,251);
INSERT INTO "prices" VALUES(204,42,19,'2015-1-1 20:54:43',7984,8070);
INSERT INTO "prices" VALUES(205,43,19,'2015-1-1 20:54:50',578,603);
INSERT INTO "prices" VALUES(206,44,19,'2015-1-1 20:54:56',372,388);
INSERT INTO "prices" VALUES(207,45,19,'2015-1-1 20:55:5',4955,5010);
INSERT INTO "prices" VALUES(208,46,19,'2015-1-1 20:55:13',9260,9261);
INSERT INTO "prices" VALUES(209,47,19,'2015-1-1 20:55:22',5678,5740);
INSERT INTO "prices" VALUES(210,48,19,'2015-1-1 20:55:30',1409,1444);
INSERT INTO "prices" VALUES(211,49,19,'2015-1-1 20:55:40',13182,13183);
INSERT INTO "prices" VALUES(212,51,19,'2015-1-1 20:55:47',4573,4624);
INSERT INTO "prices" VALUES(213,52,19,'2015-1-1 20:55:53',3728,3770);
INSERT INTO "prices" VALUES(214,53,19,'2015-1-1 20:55:58',881,904);
INSERT INTO "prices" VALUES(215,55,19,'2015-1-1 20:56:4',2458,2487);
INSERT INTO "prices" VALUES(216,56,19,'2015-1-1 20:56:14',154,NULL);
INSERT INTO "prices" VALUES(217,57,19,'2015-1-1 20:56:18',2670,NULL);
INSERT INTO "prices" VALUES(218,58,19,'2015-1-1 20:56:24',1722,NULL);
INSERT INTO "prices" VALUES(219,59,19,'2015-1-1 20:56:28',1899,NULL);
INSERT INTO "prices" VALUES(220,60,19,'2015-1-1 20:56:33',2324,NULL);
INSERT INTO "prices" VALUES(221,54,19,'2015-1-1 20:56:37',594,NULL);
INSERT INTO "prices" VALUES(222,61,19,'2015-1-1 20:56:41',333,NULL);
INSERT INTO "prices" VALUES(223,62,19,'2015-1-1 20:56:46',924,NULL);
INSERT INTO "prices" VALUES(224,63,19,'2015-1-1 20:56:51',3359,NULL);
INSERT INTO "prices" VALUES(225,84,19,'2015-1-1 21:0:38',17438,NULL);
INSERT INTO "prices" VALUES(226,63,19,'2015-1-1 21:0:59',3359,NULL);
INSERT INTO "prices" VALUES(227,68,19,'2015-1-1 21:1:4',1244,NULL);
INSERT INTO "prices" VALUES(228,70,19,'2015-1-1 21:1:7',428,NULL);
INSERT INTO "prices" VALUES(229,72,19,'2015-1-1 21:1:11',6663,NULL);
INSERT INTO "prices" VALUES(230,77,19,'2015-1-1 21:1:23',101,113);
INSERT INTO "prices" VALUES(231,68,19,'2015-1-1 21:1:28',13,17);
INSERT INTO "prices" VALUES(232,79,19,'2015-1-1 21:1:33',108,NULL);
INSERT INTO "prices" VALUES(233,80,19,'2015-1-1 21:1:36',71,NULL);
INSERT INTO "prices" VALUES(234,81,19,'2015-1-1 21:1:41',2099,NULL);
INSERT INTO "prices" VALUES(235,82,19,'2015-1-1 21:1:45',4500,NULL);
INSERT INTO "prices" VALUES(236,83,19,'2015-1-1 21:1:49',2368,NULL);
INSERT INTO "prices" VALUES(237,59,20,'2015-1-1 21:24:52',1768,1789);
INSERT INTO "prices" VALUES(238,58,20,'2015-1-1 21:25:3',1537,NULL);
INSERT INTO "prices" VALUES(239,62,20,'2015-1-1 21:25:16',898,NULL);
INSERT INTO "prices" VALUES(240,46,20,'2015-1-1 21:25:38',9269,9269);
INSERT INTO "prices" VALUES(241,51,20,'2015-1-1 21:25:47',4575,4626);
INSERT INTO "prices" VALUES(242,43,20,'2015-1-1 21:25:53',579,603);
INSERT INTO "prices" VALUES(243,49,20,'2015-1-1 21:26:2',13197,13198);
INSERT INTO "prices" VALUES(244,42,20,'2015-1-6 22:10:49',8027,8114);
INSERT INTO "prices" VALUES(245,7,20,'2015-1-1 21:26:25',7333,NULL);
INSERT INTO "prices" VALUES(246,15,20,'2015-1-1 21:26:32',1648,NULL);
INSERT INTO "prices" VALUES(247,16,20,'2015-1-1 21:26:37',1562,NULL);
INSERT INTO "prices" VALUES(248,22,20,'2015-1-1 21:26:41',1756,NULL);
INSERT INTO "prices" VALUES(249,26,20,'2015-1-6 22:11:56',6514,6585);
INSERT INTO "prices" VALUES(250,39,20,'2015-1-1 21:27:0',7333,NULL);
INSERT INTO "prices" VALUES(251,40,20,'2015-1-1 21:27:3',7333,NULL);
INSERT INTO "prices" VALUES(252,45,20,'2015-1-1 21:27:23',4937,4991);
INSERT INTO "prices" VALUES(253,63,20,'2015-1-1 21:27:37',3362,NULL);
INSERT INTO "prices" VALUES(254,72,20,'2015-1-1 21:27:42',6668,NULL);
INSERT INTO "prices" VALUES(255,7,21,'2015-1-1 21:44:32',7570,NULL);
INSERT INTO "prices" VALUES(256,15,21,'2015-1-1 21:44:39',1649,NULL);
INSERT INTO "prices" VALUES(257,16,21,'2015-1-1 21:44:42',1649,NULL);
INSERT INTO "prices" VALUES(258,18,21,'2015-1-1 21:44:48',35,45);
INSERT INTO "prices" VALUES(259,22,21,'2015-1-1 21:44:53',1851,NULL);
INSERT INTO "prices" VALUES(260,26,21,'2015-1-1 21:45:7',6623,NULL);
INSERT INTO "prices" VALUES(261,12,21,'2015-1-1 21:45:11',5521,NULL);
INSERT INTO "prices" VALUES(262,30,21,'2015-1-1 21:45:22',3703,3753);
INSERT INTO "prices" VALUES(263,39,21,'2015-1-1 21:45:28',7570,NULL);
INSERT INTO "prices" VALUES(264,42,21,'2015-1-1 21:45:39',9112,NULL);
INSERT INTO "prices" VALUES(265,45,21,'2015-1-1 21:45:45',5521,NULL);
INSERT INTO "prices" VALUES(266,46,21,'2015-1-1 21:45:50',10275,NULL);
INSERT INTO "prices" VALUES(267,47,21,'2015-1-1 21:45:58',6050,NULL);
INSERT INTO "prices" VALUES(268,49,21,'2015-1-1 21:46:3',14339,NULL);
INSERT INTO "prices" VALUES(269,50,21,'2015-1-1 21:46:8',19875,NULL);
INSERT INTO "prices" VALUES(270,52,21,'2015-1-1 21:46:15',4450,NULL);
INSERT INTO "prices" VALUES(271,55,21,'2015-1-1 21:46:20',3142,NULL);
INSERT INTO "prices" VALUES(272,67,21,'2015-1-1 21:46:27',4301,NULL);
INSERT INTO "prices" VALUES(273,85,21,'2015-1-1 21:47:42',6499,6584);
INSERT INTO "prices" VALUES(274,51,21,'2015-1-1 21:54:21',5202,NULL);
INSERT INTO "prices" VALUES(275,42,22,'2015-1-6 22:42:55',7958,8044);
CREATE VIEW "GetPlanets" AS SELECT st.id, st.name AS station, s.name AS system, gov.name AS government, eco.name AS economy
FROM stations AS st
LEFT JOIN Systems AS s ON s.id = st.system_id
LEFT JOIN government AS gov ON gov.id = s.government_id
LEFT JOIN Economy AS eco ON eco.id = s.economy_id;
CREATE VIEW "GetSystems" AS         SELECT s.id AS id, s.name AS name, gov.name AS government, eco.name AS economy FROM Systems AS s
LEFT JOIN government AS gov ON gov.id = s.government_id
LEFT JOIN Economy AS eco ON eco.id = s.economy_id;
CREATE VIEW "GoodsInfo" AS  SELECT gn.id AS good_id, gg.name AS group_name, gn.name, UPPER(st.name), p.time, p.sale_price, p.buy_price
FROM prices AS p
LEFT JOIN GoodNames AS gn ON p.good_id=gn.id
LEFT JOIN GoodGroups AS gg ON gn.group_id = gg.id
LEFT JOIN stations AS st ON p.station_id=st.id
ORDER BY gn.name, st.name, p.time;
CREATE VIEW "GoodsInfoGrouped" AS    SELECT pr.id, gg.name AS group_name, gn.name, UPPER(s.name) AS system, UPPER(st.name) AS station, pr.sale_price, pr.buy_price, pr.time
FROM (SELECT * FROM prices ORDER BY time ASC) AS pr
LEFT JOIN GoodNames AS gn ON pr.good_id=gn.id
LEFT JOIN GoodGroups AS gg ON gn.group_id = gg.id
LEFT JOIN stations AS st ON pr.station_id=st.id
LEFT JOIN Systems AS s ON st.system_id=s.id
GROUP BY st.name, pr.good_id
ORDER BY gg.position, gn.name, s.name, st.name, pr.time DESC;
